{
  "baseline_i2t": {
    "R@1": 8.628318458795547,
    "R@5": 22.123894095420837,
    "R@10": 32.07964599132538
  },
  "baseline_t2i": {
    "R@1": 7.92035385966301,
    "R@5": 25.79646110534668,
    "R@10": 41.7256623506546
  },
  "finetuned_i2t": {
    "R@1": 14.823009073734283,
    "R@5": 34.292036294937134,
    "R@10": 47.56637215614319
  },
  "finetuned_t2i": {
    "R@1": 11.017698794603348,
    "R@5": 38.84955644607544,
    "R@10": 58.36282968521118
  }
}